,measured_depth,inclination,azimuth
0,0.0,0.0,0.0
1,235.0,0.5729577951308232,163.29297161228462
2,326.0,1.1459155902616465,170.74142294898533
3,417.0,1.1459155902616465,116.88339020668793
4,508.0,1.7188733853924696,102.55944532841735
5,599.0,1.7188733853924696,100.84057194302488
6,689.0,1.1459155902616465,112.29972784564136
7,778.0,0.5729577951308232,140.3746598070517
8,869.0,1.1459155902616465,134.07212406061262
9,960.0,0.5729577951308232,88.23550045014677
10,1054.0,0.5729577951308232,18.334649444186343
11,1148.0,0.5729577951308232,5.729577951308233
12,1243.0,0.5729577951308232,348.9312972346713
13,1338.0,0.5729577951308232,326.58594322456923
14,1432.0,0.5729577951308232,315.6997451170836
15,1527.0,1.1459155902616465,307.6783359852521
16,1622.0,1.1459155902616465,289.3436865410657
17,1716.0,1.1459155902616465,268.71720591635614
18,1811.0,1.7188733853924696,263.56058576017864
19,1905.0,0.5729577951308232,231.4749492328526
20,2000.0,1.1459155902616465,180.48170546620932
21,2095.0,1.1459155902616465,126.05071492878112
22,2189.0,1.1459155902616465,114.59155902616465
23,2284.0,1.1459155902616465,118.02930579694959
24,2378.0,1.1459155902616465,133.49916626548182
25,2472.0,1.1459155902616465,143.8124065778366
26,2567.0,0.5729577951308232,132.35325067522018
27,2661.0,0.0,278.4574884335801
28,2755.0,0.0,241.7881895452074
29,2850.0,0.5729577951308232,319.71044968299935
30,2944.0,0.5729577951308232,338.0450991271857
31,3039.0,0.5729577951308232,330.0236899953542
32,3133.0,0.0,293.3543911069815
33,3179.0,0.0,249.23664088190807
34,3214.0,0.5729577951308232,199.3893127055265
35,3307.0,1.1459155902616465,158.1363514561072
36,3401.0,5.156620156177409,140.3746598070517
37,3496.0,10.886198107485642,130.06141949469688
38,3590.0,17.188733853924695,120.32113697747289
39,3684.0,20.05352282957881,109.43493886998723
40,3778.0,21.199438419840458,93.965078401455
41,3873.0,21.772396214971284,78.49521793292278
42,3967.0,19.48056503444799,61.30648407899809
43,4061.0,16.615776058793873,76.2033867523995
44,4155.0,17.76169164905552,76.77634454753031
45,4250.0,17.76169164905552,76.77634454753031
46,4344.0,17.188733853924695,75.63042895726866
47,4438.0,17.188733853924695,74.48451336700703
48,4533.0,17.76169164905552,72.76563998161456
49,4627.0,17.76169164905552,68.75493541569878
50,4721.0,17.188733853924695,68.75493541569878
51,4816.0,17.76169164905552,69.90085100596043
52,4911.0,17.76169164905552,71.04676659622208
53,5005.0,20.626480624709636,75.05747116213784
54,5099.0,23.49126960036375,68.18197762056796
55,5194.0,22.918311805232932,69.90085100596043
56,5288.0,23.49126960036375,67.60901982543714
57,5382.0,24.6371851906254,69.32789321082961
58,5476.0,25.21014298575622,70.47380880109125
59,5571.0,24.6371851906254,68.75493541569878
60,5665.0,25.21014298575622,69.32789321082961
61,5759.0,24.6371851906254,72.76563998161456
62,5854.0,25.21014298575622,75.05747116213784
63,5948.0,25.21014298575622,75.05747116213784
64,6042.0,24.064227395494576,76.77634454753031
65,6136.0,24.6371851906254,80.21409131831524
66,6230.0,24.6371851906254,77.92226013779197
67,6325.0,25.21014298575622,77.92226013779197
68,6419.0,25.21014298575622,78.49521793292278
69,6513.0,25.21014298575622,78.49521793292278
70,6608.0,24.6371851906254,80.21409131831524
71,6703.0,23.49126960036375,83.07888029396936
72,6797.0,24.6371851906254,79.64113352318442
73,6891.0,23.49126960036375,83.07888029396936
74,6985.0,22.918311805232932,88.23550045014677
75,7079.0,25.783100780887047,81.36000690857689
76,7173.0,24.6371851906254,73.33859777674537
77,7268.0,24.6371851906254,76.77634454753031
78,7362.0,23.49126960036375,80.78704911344607
79,7457.0,24.6371851906254,81.93296470370773
80,7552.0,24.6371851906254,76.2033867523995
81,7646.0,24.6371851906254,77.34930234266115
82,7741.0,24.064227395494576,77.34930234266115
83,7835.0,24.064227395494576,79.64113352318442
84,7930.0,24.064227395494576,76.77634454753031
85,8024.0,22.918311805232932,82.50592249883854
86,8119.0,24.064227395494576,84.79775367936183
87,8213.0,25.21014298575622,77.34930234266115
88,8308.0,25.783100780887047,74.48451336700703
89,8402.0,25.783100780887047,74.48451336700703
90,8497.0,25.783100780887047,73.33859777674537
91,8591.0,25.783100780887047,73.91155557187619
92,8685.0,25.783100780887047,73.33859777674537
93,8780.0,25.783100780887047,74.48451336700703
94,8874.0,25.783100780887047,73.91155557187619
95,8968.0,25.21014298575622,75.05747116213784
96,9063.0,25.783100780887047,74.48451336700703
97,9157.0,24.6371851906254,71.04676659622208
98,9252.0,22.918311805232932,73.91155557187619
99,9346.0,23.49126960036375,75.63042895726866
100,9441.0,23.49126960036375,74.48451336700703
101,9535.0,23.49126960036375,74.48451336700703
102,9630.0,22.345354010102106,75.63042895726866
103,9729.0,19.48056503444799,76.77634454753031
104,9823.0,22.918311805232932,75.63042895726866
105,9917.0,20.626480624709636,74.48451336700703
106,10011.0,23.49126960036375,60.73352628386726
107,10105.0,33.231552117587746,54.4309905374282
108,10199.0,40.680003454288446,41.25296124941927
109,10293.0,43.54479242994257,33.231552117587746
110,10387.0,50.99324376664327,22.345354010102106
111,10482.0,53.85803274229738,13.750987083139757
112,10576.0,64.74423084978302,4.583662361046586
113,10670.0,72.19268218648372,4.010704565915763
114,10764.0,79.0681757280536,4.583662361046586
115,10858.0,79.64113352318442,1.1459155902616465
116,10952.0,88.23550045014677,0.5729577951308232
117,11046.0,84.79775367936183,359.817495342157
118,11140.0,84.79775367936183,0.0
119,11234.0,85.94366926962348,359.24453754702614
120,11329.0,85.94366926962348,358.6715797518953
121,11423.0,87.08958485988514,358.09862195676453
122,11513.0,86.5166270647543,356.37974857137203
123,11603.0,87.08958485988514,358.6715797518953
124,11693.0,85.94366926962348,357.5256641616337
125,11784.0,85.94366926962348,356.37974857137203
126,11874.0,87.08958485988514,0.5729577951308232
127,11964.0,85.94366926962348,357.5256641616337
128,12054.0,88.8084582452776,358.6715797518953
129,12144.0,84.79775367936183,1.1459155902616465
130,12235.0,85.94366926962348,1.7188733853924696
131,12326.0,85.94366926962348,359.24453754702614
132,12417.0,87.08958485988514,358.6715797518953
133,12506.0,85.94366926962348,355.2338329811104
134,12597.0,87.66254265501595,355.8067907762412
135,12688.0,85.94366926962348,356.37974857137203
136,12779.0,85.94366926962348,359.817495342157
137,12868.0,88.23550045014677,359.24453754702614
138,12956.0,85.94366926962348,356.9527063665029
139,13045.0,88.8084582452776,359.817495342157
140,13134.0,85.94366926962348,356.9527063665029
141,13224.0,84.79775367936183,354.08791739084876
142,13318.0,85.94366926962348,1.1459155902616465
143,13412.0,87.08958485988514,5.156620156177409
144,13507.0,89.95437383553924,4.583662361046586
145,13601.0,89.38141604040842,3.437746770784939
146,13695.0,89.38141604040842,4.010704565915763
147,13790.0,86.5166270647543,4.010704565915763
148,13884.0,85.37071147449267,2.291831180523293
149,13978.0,86.5166270647543,2.8647889756541165
150,14073.0,85.94366926962348,2.291831180523293
151,14168.0,85.94366926962348,1.7188733853924696
152,14262.0,85.37071147449267,1.7188733853924696
153,14356.0,85.37071147449267,0.0
154,14451.0,85.37071147449267,0.0
155,14545.0,85.94366926962348,1.7188733853924696
156,14638.0,86.5166270647543,2.291831180523293
157,14733.0,85.94366926962348,3.437746770784939
158,14827.0,87.08958485988514,359.24453754702614
159,14921.0,86.5166270647543,358.6715797518953
160,15014.0,86.5166270647543,356.37974857137203
161,15108.0,85.94366926962348,356.9527063665029
162,15203.0,87.08958485988514,355.8067907762412
163,15296.0,87.66254265501595,356.37974857137203
164,15391.0,87.08958485988514,358.6715797518953
165,15485.0,84.79775367936183,356.9527063665029
166,15579.0,85.94366926962348,356.9527063665029
167,15673.0,87.08958485988514,358.6715797518953
168,15767.0,88.8084582452776,2.291831180523293
169,15862.0,88.23550045014677,1.7188733853924696
170,15956.0,87.66254265501595,0.5729577951308232
171,16049.0,87.66254265501595,1.1459155902616465
172,16144.0,88.23550045014677,0.5729577951308232
173,16238.0,88.23550045014677,0.5729577951308232
174,16332.0,85.94366926962348,358.6715797518953
175,16426.0,85.94366926962348,0.0
176,16520.0,87.08958485988514,359.817495342157
177,16614.0,85.37071147449267,358.6715797518953
178,16708.0,86.5166270647543,0.5729577951308232
179,16802.0,84.79775367936183,359.817495342157
180,16896.0,86.5166270647543,359.24453754702614
181,16991.0,87.08958485988514,0.5729577951308232
182,17085.0,88.23550045014677,359.817495342157
183,17179.0,87.66254265501595,359.24453754702614
184,17274.0,88.23550045014677,359.817495342157
185,17368.0,88.8084582452776,0.0
186,17463.0,84.22479588423101,358.6715797518953
187,17557.0,88.8084582452776,0.5729577951308232
188,17652.0,85.37071147449267,359.24453754702614
189,17746.0,85.37071147449267,359.817495342157
190,17840.0,85.94366926962348,1.1459155902616465
191,17935.0,85.37071147449267,2.291831180523293
192,18029.0,86.5166270647543,2.291831180523293
193,18123.0,85.37071147449267,2.291831180523293
194,18217.0,85.94366926962348,358.09862195676453
195,18312.0,86.5166270647543,358.09862195676453
196,18406.0,87.66254265501595,358.6715797518953
197,18501.0,85.37071147449267,356.37974857137203
198,18595.0,86.5166270647543,358.09862195676453
199,18690.0,88.23550045014677,358.6715797518953
200,18784.0,85.37071147449267,358.6715797518953
201,18878.0,84.79775367936183,358.09862195676453
202,18972.0,89.38141604040842,359.24453754702614
203,19067.0,86.5166270647543,358.6715797518953
204,19161.0,87.66254265501595,359.817495342157
205,19255.0,86.5166270647543,359.24453754702614
206,19350.0,85.94366926962348,358.09862195676453
207,19444.0,87.08958485988514,358.09862195676453
208,19539.0,85.94366926962348,357.5256641616337
209,19633.0,85.94366926962348,358.09862195676453
210,19728.0,86.5166270647543,358.6715797518953
211,19822.0,84.79775367936183,358.09862195676453
212,19916.0,85.94366926962348,1.7188733853924696
213,20010.0,87.66254265501595,1.1459155902616465
214,20104.0,85.94366926962348,0.0
215,20199.0,88.8084582452776,2.291831180523293
216,20293.0,87.66254265501595,1.7188733853924696
217,20387.0,87.08958485988514,1.1459155902616465
218,20481.0,87.08958485988514,0.0
219,20575.0,86.5166270647543,359.24453754702614
220,20670.0,86.5166270647543,357.5256641616337
221,20764.0,85.94366926962348,357.5256641616337
222,20858.0,84.22479588423101,354.6608751859796
223,20952.0,83.6518380891002,354.6608751859796
224,21046.0,84.22479588423101,355.8067907762412
225,21140.0,83.6518380891002,355.2338329811104
226,21190.0,83.07888029396936,354.6608751859796
227,21240.0,83.07888029396936,354.6608751859796
