api,4301350440,,,,
well_name,Greater Monument Butte 3-2-9-16H,,,,
surface_latitude,40.064567,,,,
surface_longitude,110.089758,,,,
north_ref,t,,,,
surface_elevation,5496,,,,
measured_depth,inclination,azimuth,,,
0.00,0.00,0.00,,,
525.00,0.26,55.46,,,
556.00,0.13,263.89,,,
587.00,0.18,315.83,,,
617.00,0.26,257.78,,,
648.00,0.22,289.11,,,
679.00,0.28,286.03,,,
709.00,0.25,271.68,,,
739.00,0.13,262.48,,,
770.00,0.13,300.27,,,
800.00,0.31,283.93,,,
831.00,0.35,265.24,,,
877.00,0.35,276.85,,,
922.00,0.40,258.92,,,
967.00,0.22,255.27,,,
1013.00,0.22,286.92,,,
1058.00,0.40,281.95,,,
1103.00,0.44,272.24,,,
1149.00,0.35,262.39,,,
1194.00,0.18,250.22,,,
1239.00,0.51,241.10,,,
1285.00,1.15,230.05,,,
1330.00,1.27,225.70,,,
1375.00,1.19,212.25,,,
1421.00,0.83,213.00,,,
1466.00,0.92,220.38,,,
1511.00,0.66,228.03,,,
1557.00,0.13,303.66,,,
1602.00,0.35,357.40,,,
1647.00,1.23,15.55,,,
1692.00,1.32,23.46,,,
1738.00,1.23,16.91,,,
1783.00,1.10,14.47,,,
1828.00,1.12,25.59,,,
1874.00,0.95,32.62,,,
1919.00,0.88,27.55,,,
1964.00,0.57,16.96,,,
2010.00,0.62,31.07,,,
2055.00,0.45,18.64,,,
2100.00,0.31,33.57,,,
2146.00,0.04,68.59,,,
2191.00,0.09,124.54,,,
2236.00,0.35,175.31,,,
2282.00,0.26,206.80,,,
2327.00,0.44,183.29,,,
2372.00,0.62,198.54,,,
2418.00,0.57,198.32,,,
2463.00,0.92,198.23,,,
2508.00,1.01,193.53,,,
2554.00,1.19,198.37,,,
2599.00,1.23,200.61,,,
2644.00,1.36,195.55,,,
2690.00,1.27,197.49,,,
2735.00,0.66,200.34,,,
2780.00,0.18,182.28,,,
2825.00,0.26,178.11,,,
2871.00,0.26,134.73,,,
2916.00,0.28,92.93,,,
2961.00,0.44,96.85,,,
3007.00,0.40,80.28,,,
3052.00,0.18,60.95,,,
3097.00,0.26,325.94,,,
3143.00,0.35,313.06,,,
3188.00,0.44,306.51,,,
3232.00,0.62,288.45,,,
3278.00,0.66,283.14,,,
3324.00,0.66,282.34,,,
3369.00,0.62,280.85,,,
3414.00,0.66,270.13,,,
3460.00,0.79,276.54,,,
3505.00,0.75,269.91,,,
3550.00,0.88,265.65,,,
3596.00,1.05,259.89,,,
3641.00,0.92,263.98,,,
3686.00,0.79,271.75,,,
3732.00,0.31,343.47,,,
3777.00,0.44,358.33,,,
3822.00,0.44,30.10,,,
3868.00,0.48,39.77,,,
3913.00,0.28,33.05,,,
3958.00,0.18,348.39,,,
4004.00,0.13,52.16,,,
4049.00,0.92,90.04,,,
4094.00,0.88,85.51,,,
4139.00,0.75,94.26,,,
4185.00,0.66,102.96,,,
4230.00,0.75,112.06,,,
4275.00,0.53,107.27,,,
4321.00,0.57,106.26,,,
4366.00,0.55,130.03,,,
4411.00,0.70,154.24,,,
4456.00,0.70,180.17,,,
4502.00,0.88,175.95,,,
4547.00,0.97,185.97,,,
4592.00,1.05,184.39,,,
4638.00,1.10,186.85,,,
4683.00,1.23,192.78,,,
4728.00,1.32,194.32,,,
4774.00,1.41,192.83,,,
4819.00,1.41,192.96,,,
4864.00,1.39,196.37,,,
4910.00,1.58,203.29,,,
4955.00,1.41,206.19,,,
5000.00,1.71,207.46,,,
5046.00,1.72,210.45,,,
5137.00,1.63,216.00,,,
5182.00,1.58,214.41,,,
5227.00,1.32,225.35,,,
5273.00,0.92,237.26,,,
5318.00,0.83,257.91,,,
5409.00,0.31,323.71,,,
5448.00,0.62,308.67,,,
5487.00,0.44,283.53,,,
5518.00,1.58,178.68,,,
5578.00,9.58,180.04,,,
5759.00,25.71,186.10,,,
5940.00,39.20,194.41,,,
5971.00,41.62,195.33,,,
6001.00,44.21,194.10,,,
6031.00,44.47,195.33,,,
6062.00,45.13,196.08,,,
6092.00,48.21,200.25,,,
6122.00,51.68,202.58,,,
6152.00,52.76,204.12,,,
6182.00,51.88,208.34,,,
6243.00,57.68,213.17,,,
6273.00,61.20,215.64,,,
6303.00,67.27,216.25,,,
6333.00,73.16,216.43,,,
6364.00,76.94,216.16,,,
6394.00,81.51,214.41,,,
6424.00,85.30,214.32,,,
6455.00,90.66,213.35,,,
6506.00,90.92,212.82,,,
6552.00,91.98,210.80,,,
6597.00,93.39,210.36,,,
6642.00,93.39,209.31,,,
6778.00,96.11,205.70,,,
6824.00,95.58,204.21,,,
6869.00,94.88,202.89,,,
6914.00,94.62,201.66,,,
6960.00,92.86,200.78,,,
7005.00,90.92,200.17,,,
7051.00,91.98,199.64,,,
7096.00,91.63,197.27,,,
7141.00,90.04,195.86,,,
7186.00,87.93,195.07,,,
7232.00,88.81,195.16,,,
7277.00,90.22,195.33,,,
7322.00,90.48,195.16,,,
7368.00,91.71,196.21,,,
7413.00,92.07,196.83,,,
7458.00,91.80,197.71,,,
7504.00,91.45,197.71,,,
7550.00,91.71,197.97,,,
7595.00,91.01,197.09,,,
7640.00,91.01,195.95,,,
7685.00,91.54,197.09,,,
7730.00,92.42,196.91,,,
7776.00,93.21,197.97,,,
7821.00,93.12,199.73,,,
7866.00,92.59,199.99,,,
7912.00,93.39,199.82,,,
7957.00,93.56,199.73,,,
8002.00,92.15,200.34,,,
8048.00,92.95,200.52,,,
8093.00,92.24,200.69,,,
8139.00,90.13,200.43,,,
8184.00,90.57,200.69,,,
8229.00,91.36,201.13,,,
8275.00,91.80,201.31,,,
8320.00,93.12,201.66,,,
8365.00,93.56,202.10,,,
8411.00,93.74,202.28,,,
8456.00,92.68,202.28,,,
8501.00,92.15,202.19,,,
8547.00,92.33,202.45,,,
8592.00,93.12,202.54,,,
8637.00,92.07,201.40,,,
8683.00,92.24,202.19,,,
8728.00,91.01,201.49,,,
8773.00,92.59,201.66,,,
8819.00,91.80,201.75,,,
8864.00,91.10,202.54,,,
8909.00,91.45,202.54,,,
8954.00,91.54,201.75,,,
9000.00,92.59,202.10,,,
9045.00,92.51,201.05,,,
9091.00,92.59,200.61,,,
9136.00,91.98,200.61,,,
9181.00,91.63,200.78,,,
9227.00,91.36,200.78,,,
9272.00,91.89,200.61,,,
9317.00,89.52,199.38,,,
9363.00,89.52,199.99,,,
9408.00,89.87,199.96,,,
9453.00,90.48,199.46,,,
9499.00,90.48,199.38,,,
9544.00,91.89,199.46,,,
9589.00,91.80,199.46,,,
9635.00,91.98,199.46,,,
9680.00,92.15,199.20,,,
9725.00,92.15,198.76,,,
9771.00,92.24,198.85,,,
9816.00,91.98,197.97,,,
9861.00,91.63,197.27,,,
9907.00,92.59,195.68,,,
9952.00,93.03,196.48,,,
9997.00,92.86,196.83,,,
10043.00,92.86,196.91,,,
10133.00,92.95,194.00,,,
10300.00,94.00,196.48,,,
